Workbook

Sheet Cover
A1: A Comparative Study of Corporate Governance Practices
A2: in Selected Indian Companies — Supporting Data Workbook
A4: Prepared by: | B4: Yashraj Tomar
A5: Roll Number: | B5: 2024/0016
A6: Programme: | B6: B.Com (Hons.)
A7: Subject/Elective: | B7: Company Secretarial (CS) Practice
A8: Academic Year: | B8: 2025-26
A10: This workbook | B10: This workbook accompanies the project report 'A Comparative Study of Corporate Governance Practices in Selected Indian Companies'. It contains the raw comparative data, a weighted governance-scoring model, and charts referenced in the Word report.
A12: Contents
A13: 1. Company Profile | B13: Basic incorporation, listing and sector details of the five sample companies
A14: 2. Board Composition | B14: Board size, category-wise split, women directors, meetings and attendance
A15: 3. Committee Structure | B15: Mandatory Board committees and whether each company has constituted them
A16: 4. CSR & ESG Disclosure | B16: CSR obligation, actual spend and ESG/BRSR reporting status
A17: 5. Related Party & Risk | B17: Related-party transaction policy and risk management disclosures
A18: 6. Governance Scorecard | B18: Weighted scoring model (0-5 scale) computing a Composite Governance Index per company
A19: 7. Charts | B19: Visual comparison charts used in the report

Sheet 1. Company Profile
A1: Company Profile of the Sample
A2: Basic incorporation, listing and sector information
A4: Company | B4: Sector | C4: Year of Incorporation | D4: Stock Exchanges Listed | E4: Ownership Pattern (Promoter Group) | F4: Market Positioning
A5: Tata Consultancy Services | B5: IT Services | C5: 1968 | D5: NSE, BSE | E5: Tata Sons (Promoter Group) - majority holding | F5: India's largest IT services exporter by revenue
A6: Reliance Industries | B6: Conglomerate (Energy, Retail, Telecom) | C6: 1966 | D6: NSE, BSE | E6: Promoter family (Ambani group) - significant holding | F6: India's largest private-sector company by revenue/market cap
A7: Infosys | B7: IT Services | C7: 1981 | D7: NSE, BSE (also ADR on NYSE) | E7: Widely held; founders hold a minor residual stake | F7: Second-largest Indian IT services company
A8: HDFC Bank | B8: Banking / Financial Services | C8: 1994 | D8: NSE, BSE (also ADR on NYSE) | E8: Widely held institutional/FII/retail; no single promoter (post HDFC Ltd. merger 2023) | F8: India's largest private-sector bank by assets
A9: ITC Limited | B9: FMCG / Diversified (Cigarettes, FMCG, Hotels, Agri, Paperboards) | C9: 1910 | D9: NSE, BSE | E9: Widely held; British American Tobacco (BAT) is the largest single shareholder | F9: Diversified conglomerate with dominant FMCG-cigarette franchise

Sheet 2. Board Composition
A1: Board Composition — Comparative Data
A2: Category-wise composition of the Board of Directors (latest reported financial year)
A4: Company | B4: Total Board Strength | C4: Executive Directors | D4: Non-Executive (Non-Independent) Directors | E4: Independent Directors | F4: % Independent Directors | G4: Women Directors | H4: Board Meetings Held (FY) | I4: Average Attendance %
A5: Tata Consultancy Services | B5: 11 | C5: 2 | D5: 2 | E5: 7 | F5: =E5/B5 -> 0.63636364 | G5: 2 | H5: 6 | I5: 96
A6: Reliance Industries | B6: 12 | C6: 3 | D6: 3 | E6: 6 | F6: =E6/B6 -> 0.5 | G6: 3 | H6: 7 | I6: 92
A7: Infosys | B7: 10 | C7: 2 | D7: 1 | E7: 7 | F7: =E7/B7 -> 0.7 | G7: 3 | H7: 8 | I7: 98
A8: HDFC Bank | B8: 14 | C8: 2 | D8: 3 | E8: 9 | F8: =E8/B8 -> 0.64285714 | G8: 4 | H8: 12 | I8: 94
A9: ITC Limited | B9: 13 | C9: 2 | D9: 4 | E9: 7 | F9: =E9/B9 -> 0.53846154 | G9: 3 | H9: 6 | I9: 95
A11: Sample Average | B11: =AVERAGE(B5:B9) -> 12 | C11: =AVERAGE(C5:C9) -> 2.2 | D11: =AVERAGE(D5:D9) -> 2.6 | E11: =AVERAGE(E5:E9) -> 7.2 | F11: =AVERAGE(F5:F9) -> 0.60353646 | G11: =AVERAGE(G5:G9) -> 3 | H11: =AVERAGE(H5:H9) -> 7.8 | I11: =AVERAGE(I5:I9) -> 95
A13: SEBI LODR Minimum Requirement* | F13: 0.5
A14: *Regulation 17, SEBI (LODR) Regulations, 2015: at least 1/3rd Independent Directors if the Chairperson is Independent/Non-Executive (related to promoter) and at least 1/2 Independent Directors if the Chairperson is an Executive Director. Top 1000 listed entities must also have at least one Independent Woman Director.

Sheet 3. Committee Structure
A1: Board Committee Structure — Comparative Checklist
A2: Y = Constituted, N = Not disclosed as a separate committee
A4: Company | B4: Audit Committee | C4: Nomination & Remuneration Committee | D4: Stakeholders Relationship Committee | E4: CSR Committee | F4: Risk Management Committee | G4: No. of Committees | H4: Chairperson of Board — Category
A5: Tata Consultancy Services | B5: Y | C5: Y | D5: Y | E5: Y | F5: Y | G5: =COUNTIF(B5:F5,"Y") -> 5 | H5: Non-Executive, Non-Independent
A6: Reliance Industries | B6: Y | C6: Y | D6: Y | E6: Y | F6: Y | G6: =COUNTIF(B6:F6,"Y") -> 5 | H6: Executive (Chairman & Managing Director)
A7: Infosys | B7: Y | C7: Y | D7: Y | E7: Y | F7: Y | G7: =COUNTIF(B7:F7,"Y") -> 5 | H7: Non-Executive, Independent
A8: HDFC Bank | B8: Y | C8: Y | D8: Y | E8: Y | F8: Y | G8: =COUNTIF(B8:F8,"Y") -> 5 | H8: Non-Executive, Independent (Part-time Chairman)
A9: ITC Limited | B9: Y | C9: Y | D9: Y | E9: Y | F9: Y | G9: =COUNTIF(B9:F9,"Y") -> 5 | H9: Non-Executive, Independent
A11: Risk Management Committee is mandatory under Regulation 21 of SEBI (LODR) Regulations, 2015 for the top 1000 listed entities by market capitalisation and, separately, for banks/NBFCs under RBI governance norms. CSR Committee is mandatory under Section 135, Companies Act, 2013, for companies meeting the net worth / turnover / net profit thresholds prescribed therein.

Sheet 4. CSR & ESG
A1: CSR Obligation and ESG / BRSR Disclosure
A2: Figures in INR Crore unless stated; illustrative figures — verify against latest Annual Report / BRSR
A4: Company | B4: Avg. Net Profit (Last 3 FY, ₹ Cr) | C4: Prescribed CSR (2% of Avg. Net Profit, ₹ Cr) | D4: Actual CSR Spend (₹ Cr) | E4: CSR Spend as % of Prescribed | F4: BRSR Filed (Y/N) | G4: Independent ESG/Sustainability Committee (Y/N)
A5: Tata Consultancy Services | B5: 45000 | C5: =B5*0.02 -> 900 | D5: 750 | E5: =D5/C5 -> 0.83333333 | F5: Y | G5: Y
A6: Reliance Industries | B6: 68000 | C6: =B6*0.02 -> 1360 | D6: 1200 | E6: =D6/C6 -> 0.88235294 | F6: Y | G6: Y
A7: Infosys | B7: 26000 | C7: =B7*0.02 -> 520 | D7: 400 | E7: =D7/C7 -> 0.76923077 | F7: Y | G7: Y
A8: HDFC Bank | B8: 52000 | C8: =B8*0.02 -> 1040 | D8: 900 | E8: =D8/C8 -> 0.86538462 | F8: Y | G8: Y
A9: ITC Limited | B9: 19500 | C9: =B9*0.02 -> 390 | D9: 350 | E9: =D9/C9 -> 0.8974359 | F9: Y | G9: Y

Sheet 5. Related Party & Risk
A1: Related Party Transactions & Risk Governance
A2: Qualitative comparison of disclosure practices
A4: Company | B4: Written RPT Policy Disclosed | C4: Omnibus Approval by Audit Committee | D4: Separate Risk Management Policy | E4: Whistle-Blower / Vigil Mechanism | F4: Key Managerial Personnel (KMP) Disclosed
A5: Tata Consultancy Services | B5: Y | C5: Y | D5: Y | E5: Y | F5: Y
A6: Reliance Industries | B6: Y | C6: Y | D6: Y | E6: Y | F6: Y
A7: Infosys | B7: Y | C7: Y | D7: Y | E7: Y | F7: Y
A8: HDFC Bank | B8: Y | C8: Y | D8: Y | E8: Y | F8: Y
A9: ITC Limited | B9: Y | C9: Y | D9: Y | E9: Y | F9: Y
A11: All five sample companies, being large-cap top-listed entities, disclose a written Related Party Transaction (RPT) policy under Regulation 23, SEBI (LODR) Regulations, 2015 and Section 188, Companies Act, 2013, and maintain a Vigil Mechanism under Section 177(9). This sheet is a qualitative checklist — refer to each company's Corporate Governance Report for transaction-level RPT values.

Sheet 6. Governance Scorecard
A1: Weighted Corporate Governance Scorecard
A2: Composite Governance Index (0-5 scale) — scores are the student's assessed ratings; weights and formulas are live
A4: Parameter | B4: Weight (%) | C4: TCS | D4: Reliance Industries | E4: Infosys | F4: HDFC Bank | G4: ITC Limited
A6: Board Independence & Diversity | B6: 20 | C6: 4.5 | D6: 4 | E6: 4.5 | F6: 4 | G6: 4
A7: Committee Structure & Coverage | B7: 15 | C7: 5 | D7: 5 | E7: 5 | F7: 5 | G7: 5
A8: Disclosure & Transparency (Annual Report/BRSR quality) | B8: 20 | C8: 4.5 | D8: 4 | E8: 4.5 | F8: 4 | G8: 4
A9: CSR & Sustainability Performance | B9: 15 | C9: 4 | D9: 4 | E9: 3.5 | F9: 4 | G9: 4
A10: Related Party Transaction Governance | B10: 15 | C10: 4.5 | D10: 3.5 | E10: 4.5 | F10: 4 | G10: 4
A11: Shareholder Rights & Grievance Redressal | B11: 15 | C11: 4.5 | D11: 4 | E11: 4.5 | F11: 4 | G11: 4
A12: Total Weight Check | B12: =SUM(B6:B11) -> 100
A14: Composite Governance Index (out of 5) | C14: =SUMPRODUCT($B$6:$B$11,C6:C11)/SUM($B$6:$B$11) -> 4.5 | D14: =SUMPRODUCT($B$6:$B$11,D6:D11)/SUM($B$6:$B$11) -> 4.075 | E14: =SUMPRODUCT($B$6:$B$11,E6:E11)/SUM($B$6:$B$11) -> 4.425 | F14: =SUMPRODUCT($B$6:$B$11,F6:F11)/SUM($B$6:$B$11) -> 4.15 | G14: =SUMPRODUCT($B$6:$B$11,G6:G11)/SUM($B$6:$B$11) -> 4.15
A15: Rank (1 = Highest Governance Index) | C15: =RANK(C14,$C$14:$G$14) -> 1 | D15: =RANK(D14,$C$14:$G$14) -> 5 | E15: =RANK(E14,$C$14:$G$14) -> 2 | F15: =RANK(F14,$C$14:$G$14) -> 3 | G15: =RANK(G14,$C$14:$G$14) -> 3
A17: How to use this sheet: Cells shaded yellow (rows 6-11, columns C-G) are the only inputs. Each parameter is scored by the student on a 0-5 scale based on evidence gathered in the 'Comparative Analysis' chapter of the report (0 = poor/no disclosure, 5 = fully compliant with best practice). The Composite Governance Index and Rank recalculate automatically via SUMPRODUCT/RANK formulas — change any yellow cell and the index updates. Weights (column B) must sum to 100; the Total Weight Check cell confirms this.
A19: Company | B19: Composite Governance Index
A20: ='6. Governance Scorecard'!C5 -> 0 | B20: ='6. Governance Scorecard'!C14 -> 4.5
A21: ='6. Governance Scorecard'!D5 -> 0 | B21: ='6. Governance Scorecard'!D14 -> 4.075
A22: ='6. Governance Scorecard'!E5 -> 0 | B22: ='6. Governance Scorecard'!E14 -> 4.425
A23: ='6. Governance Scorecard'!F5 -> 0 | B23: ='6. Governance Scorecard'!F14 -> 4.15
A24: ='6. Governance Scorecard'!G5 -> 0 | B24: ='6. Governance Scorecard'!G14 -> 4.15
